Numero_Bastidor,Marca,Modelo,Matriculacion
D89P28F82KTQX32V6,Oldsmobile,Cutlass,1997
9534KF4CZWTHZG3A7,Mazda,Mazdaspeed 3,2012
624NF1X60442X43B4,Kia,Sorento,2004
JOV7T1106GLBV7VV2,Dodge,Colt,1989
4428260XVX3JKU10O,Bentley,Continental Flying Spur,2010
9Z92MPY73BMMQXJ5J,Mitsubishi,Pajero,2004
CN0723PMBM4E380BY,Pontiac,Trans Sport,1999
471GU4E1DQW9HTQE0,Suzuki,Swift,1992
6O221S6MOO2B0VA57,Volvo,C70,1999
GT89E4354G855G1S1,GMC,3500,1999
J1B53U2N0G32956V8,Audi,A8,2006
4I35K6Z84ET1C3D32,Dodge,Ram 2500,1997
GW05KA2MQC9S4R4MU,Jeep,Cherokee,1994
AG4R8S9H61613U5X9,Nissan,Sentra,2003
W4IE9ZZFHE96MP71A,Jaguar,XJ,2009
HFF1Y7854DH388L6Q,Kia,Spectra,2002
MNLB4Z8G6RD48FZ3A,GMC,Yukon,2002
9EN76M3H5341KTY47,Toyota,Camry Hybrid,2008
J7R0018845PF887HX,Infiniti,J,1997
OO7KNJC50D9517J9R,Ford,Thunderbird,2005
1LMU3FCN3Y06ORQ77,Nissan,Maxima,1992
6V30028HP2EOOXC17,Nissan,Xterra,2002
R34UP62T23ML16172,Ford,Flex,2011
Z6WH5M7366KEM7D49,Jeep,Wrangler,1999
253ZXH9HUKKJH7579,Jeep,Comanche,1992
8NKFSQ2EPF9DHEHS5,Dodge,Ram Van 3500,2003
GZT6AY6SZY8T7SYFU,Hyundai,Tucson,2010
B9BD7WAZ20Z5O04G7,Chevrolet,Suburban,2007
T83XZ60CS22MMP5C5,Nissan,Versa,2009
II8DA2KU584TR8ZD5,Mitsubishi,Pajero,1999
0JV865H486LF7U532,Lotus,Elan,1991
JDX27F50W8109J3CE,Maserati,430,1990
49FGP8U6WR1F3MB1F,Toyota,Matrix,2010
22440OR90HRL0K87U,Hyundai,Tucson,2012
SVY426352RBCEMML6,Ferrari,458 Italia,2011
097DU3PK3DPB4FO96,Mercedes-Benz,SLR McLaren,2005
C319N1NH4XA7C667I,GMC,2500 Club Coupe,1997
6WK170A6ILE5Q9S2T,Mitsubishi,Diamante,1994
DDMR562411882C3K2,GMC,Savana 2500,2001
1QP22H1MF6Q7EG375,Pontiac,GTO,1965
R9X2592076BU1N47Z,Jeep,Grand Cherokee,2003
SHTD1UA4184S412N7,Ford,Escape,2011
AD6XK79U915I5TQ5H,Ford,Thunderbird,1958
A9Y4LPHPY9N5687Q7,Lexus,LS,2008
941LMGK49GV754RFV,Infiniti,IPL G,2012
9UOQ2X4PZ9HWHPN5R,Mercury,Capri,1991
1WWIAW53L084I838M,Chevrolet,G-Series 2500,1996
B3ANT456VPAMY18CL,Kia,Spectra,2000
GS401VTZR2406126R,Kia,Optima,2008
2GM5MHJ5NQN67NA94,Pontiac,Torrent,2006
B4A81H4766TP25R4K,Mazda,MX-5,1992
8MVOD816U0D2F706G,Chevrolet,Suburban 2500,2004
WX52EH94A2Z2ND675,Ford,Escort,2002
V5K0D7UD1G653H9J4,Mercedes-Benz,E-Class,1998
V7ZRA4BCX42JHL89R,Volvo,850,1995
RX60MU099F5PVISHC,Pontiac,6000,1987
K639IGOO84B48I902,Oldsmobile,Alero,2000
J3H75117LDDK6644P,Hyundai,Veracruz,2008
86E6N2FCRDD4ZAZ59,Honda,Civic,2002
9CO3A0EA2C5DMS9Y2,Ford,Taurus,2008
U6Z0643K2M6HU7Y2Y,Mazda,626,1999
L0VF408W23IQG358U,Hyundai,Tiburon,1997
JHP266A49UC5YRM95,Mercedes-Benz,SLK-Class,2001
E87CL25ND1BQV7RIB,Jaguar,XJ Series,1998
DI53BFAB656D3705N,Suzuki,Swift,2000
K73QY1O84T11WO1AK,Scion,xB,2010
JFY1J4YFR5DBP74A1,Pontiac,Sunbird,1987
795AYW83522XQ447Y,Ford,Probe,1996
2137W2HD656TW06SU,Isuzu,Space,1994
8141TT6J96I51U4YT,Dodge,Ram Wagon B250,1994
7A213W51IV0U5YOUK,Pontiac,Firebird,1991
14NE2408156A9STF3,Ford,Thunderbird,2002
546F1K439W0UQ9S7K,Mercedes-Benz,S-Class,2006
TC02PK76PO64618BO,Ford,Crown Victoria,2000
UQN876N5M4BTW946Z,Pontiac,Montana,1999
5S5TCZ64Z3O43PW8F,Rolls-Royce,Phantom,2006
99F277TG9YOX8JYI4,Volvo,V40,2004
31ZPOVO67X7P372YI,Cadillac,CTS-V,2007
255S11I80YY8U2706,Porsche,Boxster,2012
009OLRJD8QEA09IYM,Plymouth,Reliant,1981
93MELJGAC0369K0C1,Mercedes-Benz,CL-Class,2001
79TTD3NTNB5XBS7L5,Toyota,Matrix,2009
9H0D9VJBX3QLI06GY,Dodge,Ram Van 2500,2000
3K9GV869XH1Z3A22Q,Audi,Allroad,2003
E25MUI19RW02A581S,Mitsubishi,Chariot,1986
VE62B9O8KCVGW7TM2,Ford,Bronco,1986
K7B343HBI77F8AQ9H,Dodge,Ram 3500,2009
416E22M355LR8JF27,Dodge,Ram 3500,1994
6ID4A611P50VVV087,Nissan,Maxima,2004
P5CLTOM4K6F4L4Q06,Pontiac,1000,1984
8K9PWK7Q791N4M46Q,GMC,Safari,2000
3THO3EZC7C7LK0PCE,Ford,Escort,1988
5KM9JX6H53T709CWT,Dodge,Caliber,2007
BNOI0I3MQV7788526,Ford,Aerostar,1997
VU6YSYVH83Y46V724,Lincoln,Continental,1985
XNLV038O7NHK80P47,GMC,3500 Club Coupe,1996
S251BWQ90081F8D93,Audi,A4,2009
TU3WW5BO9L5ND3809,Mazda,RX-7,1992
V7W9U77A96D6982P1,Suzuki,Esteem,1995
39R97T7C60MBUFH3L,Buick,Terraza,2006
Y3O98X4A657U8G6I7,Volkswagen,Jetta,2012
77R3Y2NI0M0MS3RXH,Chevrolet,Camaro,1982
L9GDE77SI4155JXEK,Audi,A8,2007
LJ8QMRIA8W5X2273D,Mitsubishi,Eclipse,2010
298F8S4XT1404YAM9,Plymouth,Horizon,1978
85F2P2GEC0GM6OGC3,Buick,Riviera,1996
963VE16AC8XD36X0W,Hyundai,Equus,2013
VL9193B662NKC5QG4,Land Rover,Discovery,2012
XW3HA9N0J87XV12SI,Dodge,Ram 1500 Club,1998
9CF0DP6IA85KHB026,Honda,Passport,2000
AXZ936HL30FP43NC6,Saturn,Sky,2008
K1O495EP319252H7K,Volkswagen,Touareg,2012
73P13OPR5QI7XSHM7,Dodge,Grand Caravan,1998
965RUYV3080D9D527,Jeep,Wrangler,1992
V51QS225F5N680Z74,Mitsubishi,Challenger,1998
59YRX8I3O57AC9BC1,Volkswagen,Jetta,2011
QJ388EQ5V07GS7A02,Subaru,Brat,1984
2I506NN8D1YM1BD3X,Lexus,RX Hybrid,2011
665B00Z173DR88DYR,Mazda,Mazda6 Sport,2006
H843KCN44Q354MT12,Saab,9-3,1999
A73L9XKE0PG5CDO32,Chevrolet,Venture,2000
Z79R1Q80359WR7552,Pontiac,Montana,1999
19A44DGI58Y6C6K2E,Acura,ZDX,2011
EZ501F586JUYQNNC5,Dodge,Stratus,1998
TL2QT194HW379ZWS6,Lotus,Esprit,2003
60QP933EB7778F68B,GMC,Savana 2500,2005
7PDO7580534554S9T,Land Rover,Range Rover,2005
341U17ARJMO021SEE,Pontiac,Sunfire,1996
EAX26GUWCK3P43YN1,Chevrolet,Corvette,1955
76P523258Y168S0E6,Ford,F150,1997
0YGHJFP3T0E2KC0A8,Chevrolet,Corsica,1992
NB8TSBR222IIXN52H,Lincoln,Mark LT,2008
V4265FIKL5H3B81JL,Dodge,Stealth,1995
MM5G6X5O0UGK0FZ96,Isuzu,Amigo,1994
9VVHN87C2AX03QO8J,Hyundai,XG350,2004
R7C054V0FP9716W63,Chevrolet,Lumina APV,1993
O665U0U38NUWGSQB3,Nissan,Maxima,2004
07O402HM239KI6TP6,BMW,X5,2009
8I2P82IH9392G6KO1,Chevrolet,1500,1992
L3P92I1V39TAA5BQQ,Pontiac,Trans Sport,1993
07608A1G9281QPI48,Ford,Aerostar,1996
T553MPL0XM72143TI,Volvo,C70,1998
7WC2T3ZK9E935AXN6,Chevrolet,G-Series G30,1996
8Z879IUDNCY8F8BR1,Nissan,Murano,2012
YZ91J6HZGWTMNL4S8,Pontiac,6000,1984
46H2EI21CW49ZCIL4,Chevrolet,Traverse,2010
907H7N12330G3621S,Subaru,Legacy,1993
I57W0MRQU032M99A3,Ford,F-Series Super Duty,2011
PE07G536VA18EF7VY,Chevrolet,Express 3500,2010
GW1944LJUUI4E0582,Infiniti,QX,2004
YI537E95U9YD8E16R,Lincoln,Continental,1995
3580209O997C037S9,Lincoln,MKT,2012
HB5XJ5AN6AJ2NR413,Maserati,Spyder,2003
DHA67BOQY739FP9RG,Honda,Element,2004
5CXB0012H79Y16704,Mazda,Mazda2,2012
EP67R719O0Z77MSJU,Isuzu,Rodeo,1996
88TZ044EJQH6LL312,Subaru,Baja,2004
0DIO94H32MXS5Q8PR,Land Rover,Discovery,2010
6VA3U2N9373K53959,Mazda,Mazda2,2011
1BFH0TAQ9C20O1AGK,Scion,tC,2007
3H7WJJZI9A8K5N637,Mazda,Mazda3,2004
KF2I08B7WS2U24X13,Dodge,D150,1992
NPSCSK6FG0JUPA8ID,Lincoln,Navigator,2002
895SK975221P8BF8A,Bentley,Azure T,2010
L04V8HA8X1NNU4822,Nissan,Quest,2008
P1551L7H655OLKL42,Ford,Explorer Sport Trac,2005
06P0N95PG5BKA2915,Lexus,GS,2006
5P3WN29ZYHPC874UE,Infiniti,G35,2003
2OJ6TT3VS21UHOVBZ,Volvo,S80,2006
QZ4IB6618K4V2CRNA,Kia,Sorento,2009
I7I865S98Y301W7BN,Pontiac,Grand Prix Turbo,1990
G6NN17549Z26Q2I01,Hyundai,Elantra,2002
UDHR5U0IX45V1EO1S,Mitsubishi,Mirage,1991
JRTHPYG0SY1U6009Y,Mazda,CX-9,2008
J23C9G75B1A0V8J0H,Volvo,S60,2001
TRN8R01CB091XXRJZ,Jaguar,X-Type,2005
KZB62H7725J3DV4N8,Mitsubishi,RVR,1995
5Q49JBY05UT4CYZI2,Lamborghini,Countach,1988
AD464REN84R9B86L1,Mitsubishi,Outlander,2006
0381033255QRXL21X,Lexus,RX Hybrid,2007
13C6HX4E0307E4GV0,Mazda,RX-7,1989
MK5J0H64313JN7L97,Kia,Sorento,2006
S3908135A81QOU1TD,Buick,Lucerne,2007
6X0483HAVKR40KBD6,Bentley,Arnage,2008
4B94QDGBWW50O6488,Pontiac,6000,1988
T378Y81M3SQBIH556,Mercury,Cougar,1995
UU41Z55X2EV89F11I,Honda,Civic,1985
0669V8VU76WW31TO6,Lincoln,Continental Mark VII,1989
S2I98NBLWDVO5UQSE,Ford,F350,1999
CZKN83367QR8G27TS,Cadillac,Escalade,2005
88B7JOWRMK0OMG21L,Dodge,Ram Van 1500,2002
QXSUUOEQT1KCCN536,Volvo,XC90,2003
NE9625N16FNMUE3M0,Isuzu,Rodeo,1998
KV4HEA9G452651125,Toyota,Supra,1994
6NMKOJ875541GG58C,Rolls-Royce,Phantom,2008
R7R2E552X5QH8LN0Z,Mercury,Sable,1987
IOEHCTGX7M5W01LG7,Mitsubishi,Montero Sport,2003
87VWVAYTVPK32OZ25,Lamborghini,Diablo,1999
NJGT3SC5CL39V07WU,Dodge,Viper,1998
483T340GVF13GM4BJ,Mitsubishi,Eclipse,1997
AQQIG3Y09IDRL8M7L,Mercedes-Benz,SL-Class,2006
556H848BDJTNP33UG,Honda,Odyssey,2010
LH0541S2X60YG5246,Chrysler,PT Cruiser,2006
X73X7QK9J10V1C822,Hyundai,Entourage,2007
H868IQ9UD8N000ER8,Cadillac,STS-V,2006
40U8GSH7M1R46P6J3,Chevrolet,Express 3500,2001
A26QGZI25M07182UE,Toyota,Highlander,2010
43GQ021FWPLTG3L71,Daewoo,Lanos,2000
8I7Z49Q1I3G673LXO,Chevrolet,Camaro,1982
8C778HC9RFFZ68VZ7,Mitsubishi,Pajero,1986
J60LMS6L4Y3M6V630,Nissan,Frontier,2001
M8ML3Z096KI8QU9VP,Chevrolet,Silverado 3500,2012
41X5GCUQ8N6U35U51,Cadillac,Eldorado,2000
J6101TXV8MNS67816,Mercedes-Benz,300CE,1992
71KLK37I2V65380QX,Cadillac,Fleetwood,1993
6S6F6N326353124MT,Toyota,Prius c,2012
0X79902H5GTK5TQ1X,Mitsubishi,Lancer Evolution,2005
44WGOJS4F38H52DLU,Mercedes-Benz,SL-Class,2003
9977CP236891554AE,Dodge,Durango,2012
M83XBE80SDT78DR2J,Infiniti,QX,2012
MV1348ELK74D13W4Y,Mercury,Villager,2001
T8ATJ0Z8S52QT411G,Volvo,S80,2010
8T518X87988UBXTZW,Infiniti,FX,2004
4HDARI1MZBBMA0XE2,GMC,Yukon XL 1500,2012
BTY3J3ODL0I583FV7,Audi,S6,2007
2T48GC640L8P61SE7,Dodge,Caravan,1998
5L5IO3GJ9GY06CQ5C,Mitsubishi,Lancer,2006
2W3TUO9GFH14M2WVQ,Pontiac,Bonneville,1996
84VK7NR1873C19BH3,Buick,Century,2004
JTCKPV0DSAIXM9X1Y,BMW,Alpina B7,2008
53J0L6T4170KK1546,Mercedes-Benz,E-Class,2000
SJM5A7MBZA87LX2TB,Volvo,S40,2008
GYZGS2V64U8FNY1BZ,Mercedes-Benz,E-Class,2009
10CXJVHVF4T43J95F,Suzuki,XL7,2008
700687K3L9HQ7BZ2V,Mercury,Cougar,1988
52V6W0G0QGDV998M3,Toyota,Camry,2004
0988549655Q5J64OP,Ford,Transit Connect,2011
PICK3825069Z9UM6T,Mercedes-Benz,SL65 AMG,2006
575OM2T63X5E0IV0K,Infiniti,QX56,2008
16EKVD2U2Y666E632,Chevrolet,2500,1996
GCN660F56IDFWUW87,Volkswagen,GLI,2009
HFCO175KWX6660H01,Jaguar,XF,2010
L287Y3K2D90HD81S0,Kia,Optima,2008
0D929FBP91T52DVN8,Honda,Prelude,1985
RV7TEU663EU6HMR9O,Toyota,Matrix,2012
3GSRYQ1KG581SV0W6,Citroën,SM,1972
5D1R5BDB70EO46U7M,Dodge,Stratus,1998
8N44PO48P5O6CU66T,Suzuki,Sidekick,1989
K70K67TZ51317W9QD,Mercedes-Benz,S-Class,1994
XFR229VTE9YTH6ALV,Toyota,Land Cruiser,1992
2H6F0T7HKHDM8HYWR,Chevrolet,G-Series G20,1994
507WG4408DUA614NQ,Hyundai,Excel,1994
7433G2H0D6A386C25,Pontiac,G6,2007
31FRG471W23ZRF831,Dodge,Ram Van 1500,1997
Q57R1J0D0UUE4H1UP,Oldsmobile,98,1996
G66G8GN9Z265UB685,Ford,Aerostar,1993
JG5OR5A7Q6C5Z3IXL,Mazda,626,1989
S5ZW4Z7J61041SIZP,BMW,6 Series,2008
99DZ7102CJO5L06I7,Mercury,Villager,1994
52448JWL083E0SU99,Lexus,SC,1999
651Y0PSL16DMR6HWN,Buick,Roadmaster,1993
283AR99371O2Z7B1U,Chevrolet,Tracker,1999
8545040L4MM381C0C,Chevrolet,Express 3500,2010
5XTPI6J5RZ7C290XU,Dodge,Neon,1998
3MZ0DHLC6TGZ80W2Y,Nissan,Versa,2008
5T3EOSDIZ5DCTGJ65,Mercury,Milan,2010
JTA8W7868T4GM5NNR,Pontiac,Grand Am,1986
6HDQPB2BZP2M9VC34,Dodge,Ram Van 2500,2003
JR741UPD8TH0Z1FE8,Mitsubishi,Eclipse,2004
963M57OOW0E4320M7,Mercedes-Benz,300SD,1993
Y7YY5106MAS40JGX1,Ford,ZX2,2002
XL0P7V1TLT71JS4DZ,Honda,CR-V,1997
A47SK4746T21I6PQG,Lamborghini,Diablo,2001
521NUSCBJZXZ05473,Audi,A8,2001
GX7I3VD6ZB7705642,Ford,F350,2005
AE277T3079N8U0033,Volkswagen,Fox,1991
37UG00F0C0Z67917L,Cadillac,Fleetwood,1994
P04BAF0QLN6CH4T08,Maybach,62,2003
GX1MNWLM10G31275V,Lincoln,Town Car,1998
2I52PSUFJND1CDXBK,Nissan,Cube,2010
09XUGQQEZ36ZZ7X0Q,Subaru,Impreza,2003
U68C56L5HL5MT2879,Mercedes-Benz,CLK-Class,2009
UVJ19745R80981046,Lincoln,Navigator,2007
Y6D2X87XSR9KHE763,GMC,Savana 2500,2010
PS1EPKN5AL7X9Q436,GMC,Savana,2011
J5YRQDKZL8727TIHC,Chrysler,Town & Country,2011
S06YS794IQ4JE6T5A,Mercedes-Benz,E-Class,2009
AJW438T23P2M1PZ56,Chevrolet,Suburban 1500,2007
4I788L3DO08875FVC,GMC,Savana 3500,2009
88270Q7J9X83852I6,Mercury,Sable,2004
0E51FX3I9G764S378,GMC,Jimmy,1996
ZZ5O21477XAQA62RP,Suzuki,Grand Vitara,2003
UJ30I5481P399RXNI,Mitsubishi,Mirage,1996
Y69ZH854Q1XT15351,Audi,100,1994
C770Y35H0FC17PA99,Volkswagen,Quantum,1984
1MN5915Q758U2S91Y,Pontiac,LeMans,1966
083JOPI4496GTK93R,Audi,riolet,1998
0W4AIEC949090X37Y,Ford,F-Series,2002
610ELOB3QK34HN0FY,Nissan,Pathfinder,2001
42126TNX98H851X5J,Lincoln,Mark LT,2006
3YGDMHSGNA5638956,Chevrolet,3500,1992
ILB6L9A1KAV65K9WM,Pontiac,Sunfire,1996
MZ5Q7ZF2556A0HTGB,Volkswagen,CC,2012
4S42XXH3OFP80HHB8,Ford,Focus,2008
283745Y5LK436F5II,Mazda,MX-3,1996
RIV6P74ZVB0M75033,Studebaker,Avanti,1961
UDA8Q94OS79738MB8,Chevrolet,Cruze,2013
N2LAN9XN6G73BDVF9,Infiniti,G,2012
56GCJS1POWH8UH128,Audi,A6,2003
79B2248WK7GC430U4,Mitsubishi,Montero,2006
75I2RKZ6H0V426GEQ,Oldsmobile,Ciera,1996
A0006SAWYT4MWXB5A,BMW,545,2004
Y7LKBWF30D84V2TM0,Buick,LeSabre,1998
U5MZ2Q7XDQ16HB6E7,Chevrolet,Beretta,1994
76V062B62YSPB1AHT,Acura,RL,2007
7V63J8WTHR205KXU1,Mercury,Mountaineer,1999
79215041BXZT6XL0T,Chevrolet,Avalanche 2500,2003
I2H3AE3623W80F2LL,Mercedes-Benz,S-Class,1987
IW39J52NA19AHNN1B,Volkswagen,Eos,2008
F28H55353F1WNV48U,Mercedes-Benz,GL-Class,2008
T16355TO1347DZS60,Hyundai,Tiburon,1998
RU69K021874NGU009,Mitsubishi,Cordia,1985
WNSI1666L44AUJ89L,Lexus,LS,1990
W75079KV16010C0TV,Ford,Thunderbird,1958
C23W4LC76JV05RFOH,Lincoln,Mark VIII,1998
277880R5T4GEV4N00,Pontiac,Grand Am,1990
KEND61551451WW3Z8,Volvo,S90,1998
5IL2X4LO4MHN1LT8R,Mercedes-Benz,S-Class,1999
3AS1Y511OP022R949,Mercedes-Benz,CL-Class,2010
IPA59566913F9G5FY,Mercedes-Benz,SLK-Class,1999
LR2S812IR209L2324,Nissan,Maxima,2012
XD0P76036IS5KLQJ5,Honda,Civic,2009
12AGMK2645H2PE035,Mercedes-Benz,CL-Class,2010
JHS8835U071E66NPU,Mitsubishi,Montero,2003
1I329ZX39VZTX23MU,Land Rover,LR2,2011
AM2Z75PE79EUFHY5F,Volkswagen,Touareg 2,2009
7Y26B169905ZB2PE5,Ford,F450,2010
B08D558UPMN6795W6,Ford,Escort,1991
UUX1NST2PN2OTS7O6,Audi,Q7,2011
DK63I0V7U70JQP51E,BMW,X6 M,2012
9YNRY9ATKX643FD5I,Toyota,Corolla,2007
MD56S001B6V45T488,Hummer,H1,1995
2Q40MY18L42X4290B,Mercedes-Benz,SLK-Class,2001
14830Y5HI06U8YU32,GMC,2500,1996
R92L772U1UR2Q1B82,Chrysler,Town & Country,1997
P43CFP819KSOO2Y24,Plymouth,Sundance,1993
J2C939L455VENT1I1,Nissan,240SX,1997
PS2780U379P130O70,Cadillac,Escalade ESV,2004
53V90YL56P0F8ED1F,BMW,530,2007
6UTUER4XSZ960E5D3,Toyota,Sienna,1999
4CB9822IS7X2N2V14,Toyota,4Runner,1996
5F8I04PXID8J0Q242,Dodge,Avenger,2010
M2IR03R53S42RW0UW,Volvo,740,1992
16E15H936HV2577V0,Toyota,Supra,1995
8U4A8KJ6EC0L31Z57,Mazda,Millenia,2000
FH7YH47002SYB87VZ,Maybach,62,2010
LV38D84B56DH89EDB,BMW,Z3,2002
96447JH7M602I8K01,Oldsmobile,Cutlass Supreme,1996
9AJ3E16TP5SG93189,Honda,Fit,2010
UU3175EI8883R33M8,Hyundai,Santa Fe,2001
7D915IH257JOX5762,Audi,TT,2012
6UZQ4WHJN447Q9GA4,Porsche,968,1993
4126EKNII3QEIT3S5,Toyota,Tacoma,2001
3P0525BV1ZTGI1XL6,Chevrolet,Lumina APV,1992
0J67SVI0A86L46727,Pontiac,Grand Prix,1992
1S41LDVH0EUM25P4U,Chevrolet,Express 3500,2003
9SKWYE9IPR80OWM71,Hyundai,Accent,1995
Y24343DH3JN087NZG,Mitsubishi,Pajero,2001
MH8MWSM967750SJ5G,BMW,530,2002
ORLUUPQV98V2E63M5,Toyota,Tacoma,2000
276MOI5103213OL0J,Lexus,SC,2007
1FWM7N426320T52UR,Isuzu,Trooper,1995
BZ65M163690A9RVV0,Land Rover,Defender,1992
2O7HW2N8FFV2HYA0M,Saab,9-2X,2006
817WG2YC023Q94QAN,Honda,Odyssey,1996
3LR7639M2X5K09AP0,GMC,Yukon XL 2500,2013
T01P05ODJ71L1872W,Hummer,H2,2005
KAIV6D3HBR1224651,Nissan,Pathfinder,2012
ZT9CYJZ0926CT3SO7,Audi,Q7,2010
3967OWI1H83NLPNK3,Dodge,Grand Caravan,2009
X5BC27DB25J9JY22U,Buick,Rendezvous,2007
8H22687K3L1Q8052Z,Panoz,Esperante,2005
X7Y749Z9498IY8Z2W,Plymouth,Grand Voyager,1995
0CYUA9N0V77TDQLX2,Suzuki,Sidekick,1990
W0HP53Q22GT13Q0ZQ,BMW,X6,2010
7XR9P6A346J63VBJA,Lexus,GX,2005
3581T91L51462F4G2,Volkswagen,Beetle,1967
1Q06Q6QE32X51PYX7,Jeep,Wrangler,1992
7TYH31213IXYXA9T6,Pontiac,Grand Prix,1964
OJNW0LRH5OAI95CD1,Ford,Mustang,1988
805R35OMMIOYIN016,Mercedes-Benz,S-Class,1985
1740E9HTT2VD7S946,Pontiac,Firefly,1985
A78974AG23RG105U9,Ford,Thunderbird,2002
C99G3ZI14F20VPG6Y,Chevrolet,Sonic,2012
91N62BF4200E63S0N,Pontiac,Sunbird,1993
PUZURB1N3P5HS8635,Lamborghini,Diablo,1994
D89O2H7YVDCSRGT3O,Volkswagen,New Beetle,2002
5L7Z6222V62J84W02,Lincoln,Navigator L,2007
55O6QN4SI2HYK88I6,Mazda,626,1995
VLE5AXA9NMEI24Q3Y,Lincoln,Town Car,2002
0BWMTVJ55O5J6V209,Toyota,Avalon,1996
5EA6XWKDDN175JA52,Toyota,Matrix,2006
5Q5JYE13P47EY5E21,Ford,Flex,2012
013AL753MA6DCJ228,Pontiac,Trans Sport,1990
26Q7O4V1D0BCRH4I4,Mercury,Monterey,2006
6UC5REX79G808B50J,Pontiac,Chevette,1987
80XON72HDHE63B6K9,Acura,CL,2003
OS9JSN71AA6BTQXU4,Nissan,Sentra,2005
AJD596SH2H2TCD352,Chrysler,Town & Country,1996
P0UGL7AJKA0A5K8NI,Dodge,Ram Van B350,1992
J26PO4ID163TWXX56,Honda,Passport,1998
62OEKCBSXXC9AQZ86,Dodge,Ram Van B250,1992
Q07E3BX0MMXY9AKYT,Chevrolet,Cruze,2011
6O0FQF47A924MJX4A,BMW,3 Series,2001
14N70L6U8GERE9VG6,Subaru,Legacy,2006
83EH3GY443BTZU0Q5,Honda,Civic,1991
UYV8CR0D805E779K7,Chevrolet,Impala,2010
246293Q1W33BPVS7D,Mercury,Mountaineer,2006
62D60QDRP2OK7974O,Dodge,Ram 1500,2010
582E2M4839O78IHS4,Buick,Regal,2011
V28PF2F6J1GB41FX0,Isuzu,Trooper,1999
AXTKIG9TI31F782AB,Chevrolet,1500,1992
7R07EC3XQ6329R01A,Dodge,Ram Van 1500,1998
LSBKR2392031CME2H,GMC,Safari,1995
JBH1503298D4J7B3L,Audi,S5,2010
621F1DQQPXLTZ3B6U,Ford,Mustang,1997
6306GV70N0U10U064,Mazda,RX-8,2008
F1W90J46GILZTYO84,Toyota,4Runner,2010
59YO37RRKBK77O5IO,Subaru,Leone,1988
0IE8XCDU91GYWGJD7,Honda,Ridgeline,2009
4K8BK73K462OIXO4D,Suzuki,Grand Vitara,2009
GAK0H7J878X985S6N,Maserati,Gran Sport,2006
5404703M4B4U9IR05,Subaru,Impreza,2005
JX5HIGU8HL5Q1ORK4,Nissan,200SX,1995
666I6UTJOQ3YC5025,Land Rover,Range Rover,2007
Y323C2D84MFET2957,GMC,2500 Club Coupe,1992
P7L620QA4GA135AYY,Chevrolet,Impala,2007
G93B98375LJ85DTB5,Toyota,Yaris,2006
0CW6A11BC8379KP42,Chevrolet,Corvette,1984
57JTSE39G002V3XE0,Kia,Sephia,2001
O2WQ71BXT4QFCPESS,Chevrolet,Camaro,1998
9LSJ3L13KUUY9490N,Volvo,S80,2009
E6519D7O55C91ZLH8,Ford,E150,2011
V34HP49IP2TWH4R46,MINI,Cooper,2004
Z79P8P2KMP2Q18309,Cadillac,Catera,1998
VO3WE7K45ZZPU7087,Pontiac,Torrent,2009
N0AV8839Y0H52L35A,Mazda,Tribute,2008
A78B134658CB9B228,GMC,Sierra 2500,2009
DEGF7Z6P7A2O08CHK,Mazda,CX-7,2010
K3A8L99C7F982UTT0,Buick,Rainier,2005
S32D19MU256BPDKCJ,Chevrolet,Silverado,2008
2BJB88224OSNO20U8,Mitsubishi,Starion,1986
RD1J5DPD180K762JR,Isuzu,Hombre Space,2000
91O9V77OVV40G212F,Ford,Fairlane,1965
D3SZN52H94E6QVQ77,Buick,Riviera,1997
20KF26J00D9B41061,Nissan,240SX,1993
93TFK48J4F575828B,Mitsubishi,Galant,1990
5LSBBTNRN1DAHTA3L,Chevrolet,Cavalier,1996
S6FF578UK46TKGGQL,Chevrolet,Monte Carlo,2000
6T39ERI477PXG2UM9,Volkswagen,Golf III,1994
3ZFP8Y2M9J98E779S,Plymouth,Neon,1997
ROTA61I09516Z2790,Chrysler,300,1999
BSDKSJM001S171YI1,Dodge,Ram 1500 Club,2001
012T1C0AS0EB0MDN2,Ford,E150,1984
4L52PJ6050P58W79B,Acura,MDX,2006
0X89738M360V3NWIU,Ford,Bronco,1986
648O4YY5S6O84YXKG,Mercedes-Benz,500SEC,1993
20NIC423999UW1GZ6,Chevrolet,Malibu,2003
5H7NB68059916402E,Chevrolet,Express 2500,2000
7SMDPI26DHIIHT379,Mazda,929,1987
624318IB5174APR1S,Lotus,Exige,2011
079KTPJQTP8TSCIGT,Hyundai,Elantra,2010
EFD65D6IZEFLCSNB9,Kia,Carens,2008
348Z504NEVP491IQC,GMC,Yukon,2013
RVQ54R902HT30WMB9,Oldsmobile,88,1995
183Z4PN6S27WA12XW,Ford,Explorer,1991
U442588V1L37XADU6,Toyota,Tacoma,1996
HDMI9Q7I84Y60J4H4,Chevrolet,Silverado,2010
XEEH3DSI56X96I7L6,Chevrolet,Sportvan G20,1992
Y6098008939KIQRA9,Plymouth,Sundance,1993
M60WSW22CQYG00NRB,Lotus,Esprit,1992
83X61H8SS9DF9S4D2,Porsche,928,1989
QPZZ2QP1DKD4C82M5,Audi,100,1991
6D8QO9Q0FV05828TP,Lexus,RX,2009
15ON0B52Z05A1MQG2,Kia,Sportage,2010
2TW3C1BDWE78G5V04,Mercury,Grand Marquis,2002
5QB108203360633G4,Honda,Civic,2003
713NIJ857X771JT16,Ford,Explorer,1997
C4B67PPIKX5M997BT,Scion,xD,2008
783A167CN42P71U0T,Honda,Insight,2006
7422ALQV55N0LG3G1,Dodge,Ram Van 2500,1995
G75F72O87RL4H0CFN,Acura,CL,1997
I009ZEQ2M3ZD94B9C,Jaguar,X-Type,2002
06KTQ2168N20U6DZY,Ford,F-Series Super Duty,2010
XFWG5NSH4309UMKC3,Bentley,Azure T,2010
36U3LCM8B26R78297,Saab,900,1991
8F7P9D70948C8NW12,Plymouth,Neon,1997
O0E932NS130DG8I8I,Buick,Park Avenue,1995
F3US8G41AWSEE6XX2,Ford,Crown Victoria,2009
3WM892783YH2149A0,Pontiac,Grand Prix,1991
PA31UD74ZO498UEWO,Mazda,Miata MX-5,1993
9MZDC7O527JD65M10,Infiniti,G,2010
0TDQSA4G6S9NEVT2H,Kia,Sedona,2011
WV96BT0A248E1YY5K,Mazda,CX-9,2007
HZXNH0FY793LV7A62,Ford,Mustang,1994
IH5I17B81C4DAHBF4,Mazda,MX-6,1991
I789BM78F0R6WR9WD,MINI,Cooper,2012
7R4I99N0W3HX62CDZ,Mazda,RX-7,1986
6N572577RGK23CVO5,Toyota,MR2,1993
DG65H3URD2DMD69W1,Chevrolet,Express 2500,2002
60879372717NS74X2,GMC,Safari,2001
3CX0216440ZXV1F87,Saturn,VUE,2010
M1U9S2331G8APPJZ9,Lexus,LS,2009
72F19RT49039AJ27P,Lexus,ES,2010
6XXJNA7KM790HW6Q8,Subaru,Legacy,2012
9Y2OJ02Z8Z9762672,Lamborghini,Diablo,1996
Z5MS0O9TR9G6M0I63,Kia,Rio,2007
K2CEMU2IE29E78QDI,Hyundai,Elantra,2008
1E8828M0GMPNA5WQ3,Scion,FR-S,2013
AQY7P5X1VCX8P91VX,Volkswagen,Eurovan,1994
DQ793M9O7X7753A29,Audi,4000s,1986
46DY8R639FPSXN26L,Hummer,H3,2007
V0R10Q57179SXZ935,Buick,LeSabre,2005
GX3UCW9HJ10L75VG0,Ford,Club Wagon,1996
PKEK7KGJ7Q68E4HV6,Ford,Escort,1992
E47854CS17OWNLV96,Audi,riolet,1997
G6ST77AO8DID7S68D,Dodge,Viper,2004
6D99ME4DMPCOBKMW4,Nissan,Sentra,2001
O67346874B0N8V057,GMC,Yukon XL 2500,2012
0U37U548VNZW5F0AC,Toyota,Echo,2005
TB7BTE0F39DF5GPPP,Nissan,350Z,2003
2YNVPF5Z7G7VL4F09,Mercedes-Benz,C-Class,2003
D1EGZ8HUAM028A854,Mercedes-Benz,SL-Class,1995
JRZL4F6Z59SW7X0FF,BMW,3 Series,2003
98VP00HRHV7YR3118,Dodge,Journey,2012
9O0T6S5Z34QZ0W6I4,Chevrolet,Camaro,1982
81LRO9A3F2V98K971,Pontiac,Grand Am,1999
716T1NGH789T73M43,Mazda,Mazdaspeed 3,2011
14K9NEI7E969EAZE3,Oldsmobile,Bravada,2002
W43598Z3TK327943V,Mitsubishi,Galant,2012
56BL0HEBH94K256PL,Mazda,RX-7,1994
A1F82A9N73KL0H553,Land Rover,Freelander,2009
GL0702JYV696N6OUZ,Cadillac,Escalade EXT,2010
3J60S4P21LT346VM2,Ford,LTD Crown Victoria,1990
2V21W37J14TA3N7P2,Kia,Forte,2010
W479SRG0544BG6FJV,Volkswagen,Cabriolet,2000
O32ZXNXU8ON38MX77,Suzuki,Reno,2007
39210309E20329O93,Suzuki,Grand Vitara,2004
U7DO8G9BB4M8TWH3O,Pontiac,Gemini,1987
G35084T9YX944MX3D,Audi,A3,2009
M2AL4MH6Q4515A63L,Mercury,Cougar,1993
8VC3X2UNKQ1G2E83T,Hyundai,Azera,2010
9G1NLQU5489LBER66,Chevrolet,G-Series G20,1992
42JSQK8G012I5274X,Kia,Optima,2003
3ER593GR89Z1BLC8D,Honda,Odyssey,1996
TCY83BU6MFT385LW5,Plymouth,Prowler,1997
09L972PL37916V926,Chevrolet,Venture,2004
0E94Q3F6WI7DR35FA,Jaguar,XJ Series,1993
I881F937716803WM8,Dodge,Viper RT/10,1995
HUN69916E18DH8D42,Hummer,H2,2005
J329LA36670P2F159,Kia,Sedona,2009
E17211Y4V858P0XY8,Oldsmobile,Achieva,1997
D00Q38023S8AVPN8S,Acura,RL,2001
VVBM717JICYKZX731,Chevrolet,Silverado 1500,2012
2WLZ8P56NKQ1J4F46,Isuzu,Rodeo,1996
MBT016E2T6ZRL4850,GMC,Safari,1996
G5NR0P03NK857D4R0,Ford,Explorer Sport,2001
6812C259TXI9IB1P2,Infiniti,G,2012
836H56KB5NH7N7WPF,Dodge,Ram Van 1500,2001
WAS714Y6TBA6FJ7Y0,Pontiac,Grand Am,1999
7B6UHF26R8RX7IB16,Toyota,MR2,2001
RAEOT33026KEX54SV,Toyota,Avalon,2007
B49IW55GUOD5PG92U,Dodge,Viper,2006
K56P6PSBVK34FVA44,Saturn,Aura,2009
N5VB2520518U37D3T,Chevrolet,Lumina APV,1993
62N53NOSW0F3RC7A7,BMW,X3,2004
0P5GAHUIJ0KJ23M41,Mitsubishi,Eclipse,2005
8V60N2UO66M6GA211,Pontiac,Sunbird,1983
349082B6VJ80J1P2B,Chevrolet,Suburban 1500,2010
4PLQ6RSL616X80I35,Hyundai,HED-5,2012
311151NBT4363G4U9,Ford,Focus,2010
1INR4TGP292BS56S2,Ford,Bronco II,1989
18440T2TFVSH62UN0,Audi,A4,2009
JM1PBC022X06D33O4,Ford,Excursion,2000
EUXLRTK3O857SEH69,Cadillac,Fleetwood,1992
C62XQ9TZ3M212Y149,Chevrolet,Corvette,1994
YW1QW2B1KR8LXULR0,Hyundai,Veracruz,2007
PY0E60V0S4DQ8BR51,Chevrolet,Caprice,1992
JQ06F793987G96XKL,Chevrolet,Corvette,2009
K6373AOTF4Y2S5M09,Hummer,H1,1995
V0Q350JNV3ZVT6721,Ford,Econoline E250,2000
PAD93IH177405P544,GMC,Acadia,2010
K2H9T05REJ9KSLRWN,Lamborghini,Murciélago LP640,2008
212W41G9V5Y522B18,Ford,Bronco II,1989
373E72010A70CC40P,Lincoln,LS,2002
U37WDRB292663OBCN,Chevrolet,Monte Carlo,1997
5KZZH313M71ZB25O8,Dodge,Caravan,2002
969YBZQ5C84OG6XT8,Mercury,Mountaineer,2005
D8WD1UQ11PNL3CHKN,Ford,Bronco,1986
E3X65DR1121P6TT3C,Mercedes-Benz,E-Class,1996
639O0E1KJJ0G4O6AB,Audi,A4,1997
KK5110M67W3Y1Q417,Volvo,C70,2006
X42SPTN47PUQ4S59R,Ford,Taurus,1991
GVN9J7I97FIE50GU6,GMC,Savana 1500,1997
RI9239P0A1B5J4VT9,Cadillac,SRX,2004
B84V3ESH7X6Y76YG8,Dodge,Ram 2500,2005
NL41KK131XF3S6G9G,Chevrolet,Express 2500,2000
00558112E04CT9Z7M,Oldsmobile,Bravada,1998
01QNXQG24R3WQ4ICT,Mercedes-Benz,C-Class,2008
C2A3S12TU2MDHNFF5,Ford,Mustang,1967
14588CKATMO7SM35Q,Studebaker,Avanti,1964
322VQ3X5592M337W7,Mitsubishi,Expo,1995
EN2ZMY1U91DF55GI1,Mazda,CX-7,2007
31986RAZ781A3TW3M,Toyota,Sienna,2005
DD508705D724ZIRV6,Chevrolet,Suburban 1500,2006
O1192HB8BO8N6WLK7,Audi,A3,2009
X2S3NQN0Q19YU40OK,Ford,LTD Crown Victoria,1987
CN0B535C55XSK71YD,Buick,Skyhawk,1989
G3RZGDF5332PPNGM1,Oldsmobile,Alero,2001
LW334S819MB401R5G,Mitsubishi,Montero,2006
X63W7RH0C2PMML065,GMC,Suburban 1500,1995
4432Q1FHWU2E4T2QI,Subaru,Baja,2005
0F4D1CBM48LCIIZ69,Ford,Aerostar,1996
6H307QWQZDCP5LK3F,Toyota,Supra,1998
8951WZG1VEF245456,GMC,Canyon,2010
UI67ZIAV78DUCUT7H,Bentley,Continental,2011
35WR2D5H06IA34U94,Oldsmobile,88,1994
H21375DL853J6JV5T,Mercedes-Benz,CLS-Class,2012
W95047V7MJW1M856J,Dodge,Viper,2006
11596975217M12T30,Infiniti,Q,1993
4G9O0B4808337REOI,Dodge,Avenger,2008
TM9P53404PZ6YR3F0,Mitsubishi,Montero Sport,1997
9S3748UNAXA80A03L,Aston Martin,DBS,2011
5JCV1312B431Y134S,Ford,Crown Victoria,2000
BBL27WXDM89530N9A,Mercedes-Benz,Sprinter 2500,2011
1N6B09083L93W608V,GMC,Jimmy,1994
UF6E9F1WLI1A19896,Chevrolet,Vega,1971
XIK5Q6V4270SW4SHR,Chrysler,Concorde,1997
4BA8G44C5709S9F6F,Nissan,Pathfinder,1996
01E1V9943O3P88LRL,Buick,LaCrosse,2006
U2EXY4Q89555GB5GU,Ford,Explorer,1992
UW1D73T4CPEFDX3VY,Mitsubishi,Eclipse,2010
10RB404O9QV0PEO3C,Alfa Romeo,164,1993
1JPHHI3Z28TG39983,Mazda,MPV,1993
2Z4ZWX1AR3U2W130V,Pontiac,Grand Prix,1969
YOAY44U63821C9W44,Kia,Sedona,2006
C117339QZQW087YJ1,Infiniti,J,1993
I3U8KFIIT48SB6VZ6,BMW,3 Series,2010
GSJ403O0J000X2A2Q,Subaru,Outback,2009
3AV05U71I9L6MS112,Spyker,C8 Laviolette,2004
HT5S5699XC288142F,Mercedes-Benz,S-Class,1997
RZICJ5AR833A04J62,Dodge,Dakota Club,1993
007H50GS3466OL2O2,Mitsubishi,Pajero,1999
4F1YMV6AG2LVM6329,BMW,1 Series,2010
A05H42831U6PZ3S1U,Honda,Odyssey,2010
7N262RS4AYD334U7P,Kia,Sephia,2001
25HC9TXL036EB24ZF,Nissan,Frontier,2006
BBXA9XN8Y1N03SXOI,Volvo,XC70,2004
3G1GJC3QR64BUJ2EH,Pontiac,Grand Prix,2003
02F9ZOB356210H8R8,Buick,LeSabre,1996
2A37O749U5445X43O,Ford,Laser,1986
50ZG41Y7T2VIEH900,Honda,Accord,1991
6R512536ECT4O8Z2B,Mazda,Protege,1997
F1C66J114O89U926U,Toyota,Land Cruiser,1996
D9H4RYRZXT521XMXW,BMW,7 Series,1993
O50W57IJC50GUMX87,Mitsubishi,Eclipse,1993
3M6UJJ1Q441K9RE3J,Volkswagen,Golf,2002
586EK27OZ5LFCBXQZ,Nissan,Armada,2007
18F4H99SJAXTZMX45,Lexus,RX,2011
7D14150TL09KZ4DRR,Mazda,RX-7,1995
5D273E4D50Z5C6715,BMW,X3,2004
1WQ11WE4DFC7O60O6,Ford,Contour,2000
ZQQCSKP5GH071JB0M,Toyota,Corolla,1999
MATC23Q83EA647QBY,Chevrolet,Corvette,1956
8IS5K919486K2VBIS,Ford,Thunderbird,1967
AS0XTX2AN7H0XIX16,Mazda,B-Series Plus,2002
U09CE41IKI4US09S5,Mazda,626,1996
CRB73A13UL005CWXC,GMC,Rally Wagon 2500,1994
W1CAD4F35XVPA9J01,Isuzu,Trooper,1992
2G552LO8695RQAZ27,Chevrolet,Suburban 2500,2005
MS56O67VY49M7L4V3,BMW,3 Series,2004
BGW5RQ73624X78NU0,Porsche,Cayman,2010
CU5AE6L0M2TN22RQ1,Honda,Passport,1998
WV6E26U3GS942HTZ9,Ford,F350,2010
VP0FA9M1S89293ZGL,Hyundai,Santa Fe,2003
95N99473K04AISS40,Toyota,Celica,1984
QE0FRI07R2LH3U9W4,Lotus,Esprit,1994
457777LI2672H3U5M,Nissan,350Z,2007
E7931Z9X60PA9Z410,Porsche,944,1986
0DBZEJ2P38KJ661LA,Saturn,S-Series,1993
JNB0F3HFO4T68YU24,Chevrolet,Camaro,1977
29S4GF14523Y805Q1,Chevrolet,S10,2004
TYLATNB7P0F4MH758,Ford,Escort,1991
864X224U8JBZOGFV8,Lincoln,LS,2000
39ULQSQS03M4UZ212,Kia,Rondo,2009
WD9S3RF49DJVYRI12,Mercury,Topaz,1992
9QF6N4BU58OX0NWD8,Suzuki,Sidekick,1991
23D612N5745APP452,Mazda,626,1997
7UPK581WPF6I3NF5I,Audi,200,1990
1DLW9T77EN23577AE,Alfa Romeo,164,1992
D06UCY5G99OQS197O,Audi,4000,1987
GJ53D2E1IE46IOW69,Plymouth,Breeze,1997
25PSN895JB456Q01W,Mercedes-Benz,500SEL,1992
EV0N6C230HTJN9TYT,Maserati,Quattroporte,1984
90967D369J023Q43O,Fillmore,Fillmore,1960
G3L5WK4SO4Y19959W,Chevrolet,Silverado 2500,2009
TDG617WFSP7X2448Z,Ford,LTD Crown Victoria,1984
L9HTCN81BZA5685ZI,Volvo,XC90,2013
279L3216ZMKJS1S2G,Ford,E350,2003
6FYMEGA2036677945,Lincoln,Mark VIII,1996
QX2FK0BV05I3FO8B9,GMC,Sierra,2007
I4GTA5YC5YIFEV8AM,Ford,Tempo,1991
306IG246IY6H42AWU,Dodge,Grand Caravan,2004
L69RABOB21PFE94D3,Volvo,S60,2010
P9N924V2AU2P5YQA4,Land Rover,Discovery,1995
69883Q0MWNUWD8AZ6,GMC,Vandura 3500,1993
SUXCBWFOM5P0T76ZR,GMC,Envoy,2008
8SPKRNT3N123PC6DP,Audi,A4,2012
6U9K65CA8EIILGM1T,Mercedes-Benz,SLK-Class,2012
F15AG92H0E73ZA4F4,MINI,Cooper Clubman,2012
94V03E832ID560720,Toyota,Camry Hybrid,2007
3E7QWSZ6N0YRN32V9,Oldsmobile,Ciera,1994
2WBNKV39K2A8TF26H,Mitsubishi,Tredia,1984
D86FX1KYW733K8190,Mitsubishi,Truck,1993
A8215UZ4267ZW868U,Nissan,Quest,2001
5AL232WOQGZQR9Y7U,Dodge,Ram Van B250,1992
25C5BA3DVYA2V2IGF,Subaru,Legacy,2001
O02E2U01B6Q8LJFT7,Hyundai,Elantra,2012
S93PB48OY6KN0091R,Dodge,Journey,2012
9BTK51R2XX4250X0C,Mercedes-Benz,CLK-Class,2006
WLQJ8288O62XT754G,Chevrolet,Tahoe,1997
9K2V236MX5BJ03V6D,Mitsubishi,Starion,1988
PW939372IP734S270,Mercedes-Benz,C-Class,2003
52J0SNSMW3T4KM8P6,GMC,3500,1995
434ISS3VKS5Y25393,Jeep,Commander,2010
1A59W84X5V08NDI8F,Ford,Edge,2013
URKNSM8T4U86U01J0,Hyundai,Equus,2013
87031I822XG6T1923,Toyota,Tacoma,1995
4W3146209AYX73TUD,Oldsmobile,Achieva,1997
GA10W284OPP3192TP,GMC,Safari,1996
2TB0Z401PNAK8JG3Y,Chevrolet,Uplander,2007
7W5D8P26G3N1IHRS2,Maserati,430,1989
8ST1BK2GMMV60E918,Oldsmobile,Aurora,2001
CK4ZQ7300LCBL767H,Nissan,Pathfinder,1992
R815KVLX9Q5IGVXN7,Acura,TSX,2006
95CK5UV2349TAV2MI,Acura,Integra,1993
YTH63J81M33083K8N,Saab,9-7X,2007
YJV7K75F8619561JQ,Infiniti,M,2007
971GM1769TZR3S997,Chevrolet,Impala,2001
H7X62A59U7URZL4JX,Volkswagen,GTI,1993
Y83G61867B5JW0VR1,Audi,Coupe Quattro,1991
AM67OK2ILEGC57KWZ,Audi,S8,2001
9729NKAH285H44M9F,Dodge,Grand Caravan,1995
D6Z2A7231R47SFMN0,Chevrolet,Venture,2001
67U27H06J629241UK,GMC,2500,1999
T36VHD9TY29JS15U4,Jeep,Wrangler,1999
ML6J3U77WH8257D55,Cadillac,CTS,2003
11N08OQE56N41O49M,Bentley,Continental Flying Spur,2008
53067NORZW7646W9A,Kia,Sedona,2006
9E7P2KRET04U32667,Acura,RL,2002
3K82D37CPT61FO7KF,Volkswagen,Touareg,2011
OIPTAFJ4A3JP7ZY72,Mercedes-Benz,CLK-Class,1999
DT3W08TBKLF8BUPVT,Chevrolet,Suburban 2500,1995
L8Z8PXZ5V70N8H5Y3,Mercury,Mountaineer,2004
VT8XQ6LVTW9S9Z416,Buick,Park Avenue,1993
2408985G8OD00TFVM,Honda,Civic,1996
4ZXN9L1X6FJZR52WG,Mercedes-Benz,CL-Class,2008
D242SOUKUCS5R7270,Dodge,Viper,2000
A36J1F0UR66TNG06F,Hummer,H2,2004
6DJD51O97RSI6D71U,Oldsmobile,Custom Cruiser,1992
V235T6XZ8V7HVBIGA,Toyota,Tundra,2011
9G6015LN79FMF7913,GMC,Safari,1998
C0S6B19CABA6II5IU,Mazda,B-Series,1991
E7CY8EY20G7434OT7,Chevrolet,Cavalier,1998
I2D96KY92LR7F50RS,Chevrolet,Express,2009
0VFQO7A2421374HC4,Ford,Escort,2002
1YRL77I9HFQY7HCGN,Scion,xD,2011
9374XK33WHS1KSH2O,Nissan,Quest,2004
WPXFXONHZ508497ZO,Hyundai,Tiburon,2008
278FM88QJTF6GUXHU,Honda,Odyssey,2000
0K746PHV1FUH53U02,Pontiac,Grand Prix,1992
XPP5C3RUNACUK3Z7N,Chrysler,Sebring,1998
X14VOETAFTBTE9482,Mercury,Topaz,1993
46XE466H9WQ973EWR,Oldsmobile,Custom Cruiser,1992
315HB337IT9885EB1,Dodge,Stealth,1994
T7V045221Q53RXN3Y,Suzuki,Verona,2004
17S4I4U4RZDA3M501,Isuzu,VehiCROSS,2000
5E42TO040142AWR6B,Lexus,LS,2007
V3CE0243H5R85QZ3E,Porsche,928,1995
270DCCC4F5570ER70,Plymouth,Voyager,1985
K622J81980Z2C82W7,Bentley,Arnage,2006
1106191132JD6AM9T,Nissan,300ZX,1995
J147714779M96LE48,Toyota,Solara,2003
RQN8LX15F2A6NE1Y7,Ford,Freestyle,2005
006R053A3TGOK518U,Mazda,MX-5,1998
0T1CJ2YHSEQA2FDY0,GMC,Yukon XL 2500,2010
B428632WE7H10Z137,Mitsubishi,Eclipse,1991
LRFX8Y01MNTW99257,Mercury,Tracer,1994
20RLUPUM7M7W02S16,Lamborghini,Countach,1985
KY24436B2Y76O940Q,Mazda,RX-7,1983
SQIW8KO99TCM2J05J,Chevrolet,Express 1500,2010
C7G3MJ3V8BOZN6CO8,Lincoln,Town Car,1987
1CWN128GFX4J09C97,Pontiac,Firebird,1993
6Y3MMJ1V7M2Q81010,Mitsubishi,Mirage,2002
R84404M9SB48TIR3W,Honda,FCX Clarity,2012
M5JEKF0Y7VY723W1C,Pontiac,Bonneville,1964
IIHDF0H10C4B13H4D,Subaru,Alcyone SVX,1994
5Z94DEGN80MO59D2I,Jaguar,XJ,2010
6B8F6CC91KXY97J9Q,Ford,Econoline E250,1999
401T00W14965UQN1C,Suzuki,XL-7,2007
15NSYZOAY53176Z27,Plymouth,Breeze,1999
55T1C6G4511J34IWW,Subaru,Forester,2005
IF75FLXUX0GPZJOLE,Volkswagen,GTI,2012
68JJ1U24W9C30G76S,Toyota,Prius,2001
V2F76LY6R7R18AC72,Chevrolet,2500,1997
18MFZJ3O58D08TIIB,Suzuki,Grand Vitara,1999
BP0H0150MEYEV71AW,Ford,Focus,2005
03T3V0D063C065E59,Mercedes-Benz,E-Class,1984
6OE1YB5NS7TPHM41Q,Buick,LeSabre,1992
7L197M4HF1T92YWVL,Ford,Five Hundred,2005
BOVX83C89U1M39585,Mercedes-Benz,CLS-Class,2012
PPIBB41KUK4NU9IU3,Acura,TL,1999
WV9SM5NFKB5EN1V2Q,MINI,Clubman,2010
R364B2LVGIL58H57L,Mitsubishi,Montero,2000
4E7L046923LB4DF06,Cadillac,DeVille,2004
R2U57B7973YV9389G,GMC,Vandura G3500,1996
N053360F9552F1V54,Chevrolet,Sportvan G20,1992
3Q61H44R96683MTO6,Hummer,H1,2001
19V574HHFWD47L161,Saturn,Aura,2009
J210QEF5291KU2SE2,Lamborghini,Gallardo,2006
V34O7Q7LD0F7S4O90,Toyota,Tundra,2011
FRR4H738U7T4Y76P7,Lamborghini,Diablo,1993
681X54SU0N511CA71,Chevrolet,Impala,1994
G558HY5T92P5I93A3,MINI,Cooper Clubman,2011
HE73V7V6259S5PR4Q,Bentley,Continental Super,2012
2V3S06M5S752T8V8E,Chevrolet,Camaro,2001
83MZ69M8OF03P92H1,Ford,E350,2008
P6K9ICYJ5T52QE92L,Hyundai,Accent,1995
F214O90MD03G2B8E4,Chevrolet,Express 3500,2011
WI2E53I2W1MF5PLPK,Mercedes-Benz,SL-Class,1995
BLQSI18N93Z1UXG5N,Ford,Explorer,2008
T588X2796774V1217,Volvo,940,1994
93K0K57UFM7HQ46EZ,Acura,TL,1998
8F437Z58LR38WC9SM,Nissan,NV3500,2012
USZECY796N880H25U,Chevrolet,G-Series 1500,1996
22YJMS5297266EX23,Mitsubishi,Eclipse,2006
ZQPX82867616W94A2,Hyundai,Elantra,2004
GZT6Z9XHH8YDM740Y,Mercedes-Benz,S-Class,2010
Z6O4ZSMB792RNAQS8,Porsche,911,1994
D17VE6DZ6UO041TAP,Suzuki,SJ,1986
4OCFXSS1ILOU86JI9,Cadillac,Escalade ESV,2004
9H6ZHN0L4A3MF1S8D,Mercedes-Benz,CLS-Class,2012
4SQ7G9SFN6J38LVJ3,Ram,Dakota,2011
J5Y13PSEOR4H6T2T5,Bentley,Continental GT,2009
48SNNL12552H1YT3U,Honda,Prelude,1999
VY196321TO033MA35,Subaru,Leone,1988
QIBCYZ160G9G5QX9X,Volkswagen,Type 2,1986
7I87717993LTVW110,GMC,Yukon,2001
GFK2VRRM1A3713Z8H,Mercedes-Benz,S-Class,2001
VSFEML54BW8CBA28E,Saab,900,1993
93SV3SD63T639T339,Ford,F-Series,1992
S1WHER02HZ8SU95P4,Mitsubishi,Montero Sport,2004
T7SHR9612BB75X41L,Audi,Q7,2009
ODX5JV9032B56512M,Ford,F-Series,1994
19O41E53344PM9S68,Aston Martin,DB9,2005
59M3C993O49VD2U65,Dodge,Caravan,2007
O59B85C4ETI6DE7B2,Nissan,GT-R,2012
4E6Q3JYL87VP0WFQ4,Chevrolet,Caprice,1995
6HFJ736D52MI01T6Z,Dodge,Dakota,2007
UCXN2V4V7QHHPA62K,Chevrolet,S10,2003
T2H81A1ME0Q209154,Plymouth,Voyager,2000
DJ686EB704U0U9ZK8,Lexus,GX,2006
2E75KAL5AN79Q92B4,Subaru,Legacy,2005
66GC1X68HCPCC3O1P,Ford,F150,1996
A6CVOY802EAK21RZC,Dodge,Charger,1999
60QLKW94R4F0712JG,Suzuki,Reno,2008
UYW913Q87NFI3X903,Kia,Spectra,2008
DGTK2V6QKMQ57RRYQ,Buick,Estate,1990
M6KYQGI490Q4J0SQ9,Volkswagen,Eos,2009
SYFIY2D9H1Z6N7CO3,Mercury,Villager,1998
LK2E5FTG1X7R64Z8F,Honda,del Sol,1993
CVPME4S307ZMF316T,Chevrolet,Camaro,1977
Q7ZY71C6U759M11A4,Audi,5000CS,1987
68W37ZCJ3973NK91T,Pontiac,Bonneville,2000
D55A3755398F59L78,Land Rover,Range Rover,1990
NFR27P8T1W1P875D9,Dodge,Ramcharger,1992
FA4JP214ZICG72782,Buick,Electra,1985
QE23NR7872C53ZLJ1,Mazda,B-Series Plus,2003
1OXO2924GYFEOFUAP,Acura,TSX,2011
72JG4OK0YF0U3DY5N,Mercury,Topaz,1991
68J0Y08WDLP6GFP6W,BMW,1 Series,2010
69G357Y0Q50SVC6MQ,Mazda,CX-9,2007
162F1FZ8U1591W08J,BMW,760,2006
C10RV43PSA1849941,Volkswagen,Jetta III,1993
UWZ40ZQ849Z86VN62,Audi,4000s,1986
H54EKL795ZEO686XJ,Mazda,B-Series,1993
W0416H840X3F4I4C2,Subaru,Forester,2003
Q70034AAPBG4D0TE3,Honda,Civic,2003
21K27WG77H853RZQX,Porsche,911,2002
33W1169154RS5PS5Q,Volkswagen,New Beetle,2003
W5569ZKXFTW1P1WQD,Chevrolet,G-Series G20,1993
Y24E6NM17UQH2S495,Bentley,Continental,2007
HT511134N2RCZ03E9,Volvo,S90,1997
82O4795UW53LU6A84,Nissan,240SX,1995
9GBA1V041492IX0VB,Dodge,Challenger,2011
973S28TB34TI9F7EX,Ford,Escort,1993
N17ZYS2FR91B5S2B5,Ford,Windstar,1999
T9TAN8G604K96I4S5,Chrysler,Town & Country,1998
YP26TN9751075BB4Z,Mazda,Mazda2,2011
LYC32ALZDHCSU887O,Subaru,Leone,1985
S24I2TDO75HN7N8M0,Dodge,Stealth,1994
NBG8E3F8143617ML1,Pontiac,6000,1988
9JQY28013428LV8I6,Nissan,Xterra,2010
N89Q98PUCP69943S5,Porsche,911,2001
EK02Z9TD0526XP34O,Pontiac,Sunbird,1991
5032YB3US46CR8S0V,Mercedes-Benz,C-Class,2003
3U186O8A4I7M3208X,Dodge,Ram 3500,2008
21K25C43SC92IAM2H,Volkswagen,Golf,1987
JF45J7TX0M43M1E6Q,Volkswagen,GTI,1998
6T2QC20HZU35J5681,GMC,1500,1998
KS28X4K2D7L8LLR83,Nissan,Altima,2013
YDAK1D8T31ADUS390,Ford,Edge,2009
RG04KBESN23Y35ITF,Ford,Econoline E150,2000
9AD8A91DV1S645Y15,BMW,1 Series,2012
81OBS9T55ZN2015Y1,Mazda,Protege,1994
B04C9K86ED9TT1P96,Lincoln,MKX,2009
EP88D0X21125890FL,Volkswagen,Cabriolet,1997
5B73YLGZJYLP35626,Jeep,Cherokee,1993
0MQ99F5TES6389515,Mercury,Montego,2005
DMVPAUUZ4B6K9G62H,Mazda,Navajo,1994
BIZ60U5Q02H1ZBHKE,Chevrolet,Caprice,1995
ZWFTN4G55826L570S,Pontiac,LeMans,1992
PN8397MF29Y54068K,Pontiac,Firefly,1987
MUV2H8F2BO12C1L06,Lexus,GS,2005
PQ019N1QMIG63WFVK,Mitsubishi,Diamante,1993
H6EYA1BTDM04WMM30,Chrysler,300M,2003
WULIR0NG297B8DW24,Aston Martin,DB9,2009
58Z74E53VI0DPL4OD,Infiniti,Q,2000
A90JW67B451CZ307R,Hyundai,Sonata,1999
FVJTOJP1854W6MVH1,Acura,TL,1997
SZ7BPY35K1720289L,Hyundai,Accent,2001
7XMB00HP826Z5LEH4,BMW,X3,2007
0BW81ONU5DSL62941,Chrysler,LeBaron,1995
18ZW4RYR4Z66FI961,Ford,F250,2004
7Q856S51A28R1HZF0,Chevrolet,Express 2500,2012
12Y6986X49F25CF23,Honda,Accord,1995
SL2KT6YUR54P8QV9D,Nissan,NV1500,2012
83T7SR805575X116T,BMW,Z4,2008
K66A83143043B08N0,GMC,Sierra 2500,2005
7A94F2RNDD269383P,Chevrolet,Colorado,2008
141O7W7MF9B8VVN23,Suzuki,X-90,1996
V2BVX3VU0XRQ37X53,Nissan,Murano,2003
477J8S2379JDA5PQX,Lexus,SC,2010
0MHB3Z2G9IKX4L9K9,Ford,F350,2005
0IO0WG6487T1D6E4G,Ford,Ranger,2001
R08A3HE1E6S7327J1,Volkswagen,GTI,2011
98M1TKP19IZT431Y0,BMW,Z3,1996
14283KQ9832Y227MT,Nissan,370Z,2010
161KA2175QN78885L,Pontiac,Sunfire,1996
853S1560E3LR1WTST,GMC,Sierra 1500,2001
1T1128SFG855YUEIE,Mercedes-Benz,S-Class,1985
2077S6P55FZ752YIR,Hyundai,Elantra,1994
0QI7KARA6IHA713YA,Lexus,ES,2009
2T4O5QXSI425DS9GH,Mercury,Sable,1995
836019JOS5975RFHM,GMC,Jimmy,1999
87H5JG93FBFW71XJR,GMC,Sierra,2010
8D2U52WUW7YUO0IP5,Geo,Metro,1997
4A6G30ZI7U3605HZZ,Hummer,H2,2006
0VPGV7A9R8A17BJIO,Audi,V8,1991
XPEQQCH563XJF5A1V,Chevrolet,Corvette,1960
RYAE33ZHZ4GAEXO6B,Lincoln,Town Car,1999
Z8NW3Y8K9EY5S87SI,Maserati,Gran Sport,2006
D47D75T095FE7EP5R,GMC,Yukon XL 2500,2005
V87P7X878VRQ17O2N,Lexus,LX,2011
0E0B34ZMW9E1C840B,Chevrolet,Caprice,1991
O9A7P7ZIRHTK193WQ,Pontiac,Firebird,1984
2163H0006UF4517C8,Volkswagen,Cabriolet,2000
5634F4EZS842G92Q7,Mercedes-Benz,M-Class,2009
8OJFD7LM06CB5YEC9,Dodge,Ram Van 2500,2002
28B6342SZY491U477,Dodge,Viper RT/10,1994
9R96C87Y4MG231V29,GMC,Suburban 1500,1993
L030P92VDO6C8142G,Honda,Pilot,2010
9Y198RN7KIA6EV928,Honda,S2000,2008
NOQT18202X233422A,BMW,7 Series,1992
6HK8L833B73D60M60,BMW,X3,2012
HW50J7399C9N01SMU,Chevrolet,Sportvan G20,1995
951V57Z436X30XDIH,Ford,Econoline E150,1996
H284A625RK3T2NY21,Lamborghini,Gallardo,2007
JLET4VD5X3BM362P4,BMW,Z4 M,2006
678QA2BNA9CT3BGF3,Lincoln,Continental,2000
7P779MDFC18Y6F538,Subaru,Legacy,2007
2E4H5USZ2K66G8QVA,Chrysler,Aspen,2007
T3LA1N19X0J43OJQ2,Aston Martin,DB9,2008
4Y1536VN6DCAQ3J2D,Audi,Allroad,2003
5MI9CJDW2W38MF5EO,Oldsmobile,98,1993
Y94OT5UVUMGAU82UY,Hyundai,Tiburon,2000
5T61BR5D25W094876,Buick,Century,1998
2R56F1D7JSU5Q60P0,Pontiac,Firefly,1985
22FN1BK2UEXX1T53M,Eagle,Summit,1996
SO013WG9RQ9PQ4VT9,Mercedes-Benz,C-Class,2006
